name,email,gender
Tiffany,tproswell0@oaic.gov.au,Female
Diego,djobe1@cdc.gov,Genderfluid
Romona,rdumbar2@mozilla.com,Male
Sansone,snovis3@tiny.cc,Bigender
Marlo,mselkirk4@barnesandnoble.com,Polygender
Ezmeralda,ecaunter5@intel.com,Agender
Teresina,tlude6@theguardian.com,Male
Dory,dleonardi7@rediff.com,Female
Shaylyn,scapaldo8@tripod.com,Genderqueer
Ced,cmacmeekan9@bbb.org,Female
Yettie,ykrochmanna@fda.gov,Agender
Phil,pcoshb@feedburner.com,Non-binary
Ree,rcheeneyc@ihg.com,Genderfluid
Bree,bposseld@slashdot.org,Genderqueer
Yetty,ystickforde@unicef.org,Genderqueer
Lacee,lwalpolef@netlog.com,Non-binary
Kerby,kcrosthwaiteg@technorati.com,Male
Georgi,greiachh@yellowpages.com,Genderqueer
Anestassia,alillicropi@nature.com,Polygender
Valma,vgostagej@ox.ac.uk,Genderqueer
Hilliard,hrozierk@businessinsider.com,Polygender
Nedda,nmartinsonl@macromedia.com,Agender
Laina,ldadswellm@apple.com,Male
Tony,tflaunen@prlog.org,Male
Conni,crubinovo@ihg.com,Agender
Alberto,awozencraftp@people.com.cn,Agender
Jo-anne,jnodeq@vimeo.com,Male
Katey,krissomr@msn.com,Bigender
Tawnya,tsuermeiers@is.gd,Genderfluid
Zsazsa,zchattt@wufoo.com,Genderfluid
Shellysheldon,slapennau@baidu.com,Agender
Heddi,hskillittv@archive.org,Female
Jean,jgavrielliw@epa.gov,Non-binary
Margarethe,mchurchinx@netscape.com,Male
Wyn,wblakeleyy@mapy.cz,Genderqueer
Delphinia,dbrantonz@bandcamp.com,Female
Becki,bpedlingham10@google.es,Non-binary
Ingram,ifencott11@chicagotribune.com,Genderfluid
Didi,davery12@nytimes.com,Non-binary
Tobe,tlauchlan13@kickstarter.com,Bigender
Selena,svonsalzberg14@lycos.com,Polygender
Siffre,sgainfort15@taobao.com,Agender
Perry,pdellar16@a8.net,Polygender
Rosabella,rmcpharlain17@princeton.edu,Agender
Giff,gbursnall18@51.la,Bigender
Thurston,tkenderdine19@bbb.org,Female
Rina,randriveau1a@seattletimes.com,Polygender
Noach,ngodbehere1b@quantcast.com,Genderfluid
Sibbie,sharroway1c@blog.com,Bigender
Dari,dparsons1d@histats.com,Male
Elihu,ebuttress1e@webnode.com,Non-binary
Rodi,rwillstrop1f@hud.gov,Female
Jordana,jhaseley1g@rakuten.co.jp,Genderfluid
Luise,lmccoveney1h@bing.com,Genderfluid
Leeanne,lpriter1i@yandex.ru,Bigender
Tiphany,tkille1j@biglobe.ne.jp,Bigender
Anett,aparlour1k@ask.com,Genderfluid
Mignonne,mgudgen1l@vkontakte.ru,Non-binary
Clemmy,cgrunguer1m@omniture.com,Polygender
Egon,ewhistlecroft1n@cnn.com,Agender
Ave,apossel1o@google.cn,Male
Melva,mdeniso1p@about.com,Genderqueer
Mallissa,mvinall1q@unc.edu,Male
Heall,hnissle1r@nba.com,Male
Genvieve,ggergler1s@skyrock.com,Agender
Fredek,fschimaschke1t@seesaa.net,Agender
Ricoriki,rmcphillimey1u@oakley.com,Agender
Herve,hrhubottom1v@miitbeian.gov.cn,Genderqueer
Yovonnda,yluffman1w@biblegateway.com,Agender
Verge,vramsey1x@pinterest.com,Bigender
Yehudi,ysnape1y@nhs.uk,Polygender
Shell,scason1z@typepad.com,Polygender
Amandy,adorian20@umn.edu,Agender
Bree,bblowin21@eepurl.com,Non-binary
Aron,aburwin22@dropbox.com,Polygender
Dari,dsurgood23@dailymotion.com,Genderqueer
Elisha,emcwhinney24@amazon.de,Male
Rancell,rlindop25@google.it,Non-binary
Thomasa,tmcquaid26@ucla.edu,Non-binary
Nicki,nhearne27@networkadvertising.org,Agender
Ozzy,obayston28@rediff.com,Genderfluid
Illa,ifielden29@dailymail.co.uk,Genderqueer
Alden,ashailer2a@behance.net,Non-binary
Nelia,ndunbavin2b@berkeley.edu,Bigender
Serena,swinny2c@foxnews.com,Male
Rea,rjanisson2d@wix.com,Genderqueer
Carter,cdargavel2e@fotki.com,Non-binary
Charleen,ccappineer2f@google.es,Agender
Brig,bdubarry2g@virginia.edu,Agender
Frieda,fthomelin2h@samsung.com,Genderqueer
Irv,iphelip2i@techcrunch.com,Female
Meade,mphythean2j@prnewswire.com,Agender
Barbra,bfindlow2k@ycombinator.com,Genderqueer
Doralyn,dfawdery2l@who.int,Genderfluid
Morton,mcunniff2m@lulu.com,Male
Emera,ehammerton2n@bizjournals.com,Bigender
Vinita,vdunican2o@theatlantic.com,Bigender
Ilene,ilinwood2p@unicef.org,Male
Marietta,mbachman2q@tumblr.com,Non-binary
Gilbert,gebanks2r@163.com,Genderfluid
Daloris,dscase2s@cmu.edu,Agender
Kahaleel,kgurrado2t@weather.com,Bigender
Lisha,ljaggard2u@wikipedia.org,Genderfluid
Hyacintha,hmerriman2v@addthis.com,Male
Monte,msatterlee2w@nydailynews.com,Male
Lu,lbiford2x@sciencedirect.com,Male
Ciro,cgaylord2y@tuttocitta.it,Female
Laurella,lide2z@nature.com,Bigender
Sella,stodarello30@theguardian.com,Agender
Gwenore,gpiotr31@hibu.com,Genderqueer
Aili,adeelay32@dailymotion.com,Agender
Kinsley,kcords33@theatlantic.com,Polygender
Seumas,stomaello34@blogger.com,Female
Orelia,omills35@cloudflare.com,Polygender
Rafe,rdyball36@google.com.br,Non-binary
Jordan,jarendsen37@pen.io,Polygender
Abdul,akeniwell38@ovh.net,Genderfluid
Sylvia,sjevon39@t-online.de,Genderfluid
Gibb,grymmer3a@github.io,Bigender
Aubrey,amulchrone3b@lycos.com,Female
Si,sandriulis3c@cyberchimps.com,Polygender
Marne,mwholesworth3d@apple.com,Female
Francesco,fpassmore3e@topsy.com,Agender
Althea,achasteau3f@photobucket.com,Male
Miguel,mcastelletti3g@imgur.com,Genderfluid
Emilio,ewhithorn3h@answers.com,Genderfluid
Welsh,wstoker3i@mit.edu,Male
Sean,sstreetfield3j@weather.com,Female
Jay,jholton3k@multiply.com,Polygender
Carol,cjowling3l@mapquest.com,Genderqueer
Myles,mtraske3m@reference.com,Bigender
Dedie,darkow3n@arstechnica.com,Male
Carole,ckornyshev3o@mit.edu,Agender
Garrek,ggerlack3p@ihg.com,Non-binary
Henrie,hgoodby3q@t.co,Non-binary
Callean,csaint3r@hugedomains.com,Non-binary
Aida,agiorgi3s@ucoz.com,Non-binary
Conrado,cfallen3t@arizona.edu,Genderfluid
Jillayne,janthill3u@qq.com,Polygender
Donetta,dcasier3v@amazon.co.jp,Genderfluid
Thurstan,treasce3w@accuweather.com,Non-binary
Cosetta,cgilks3x@apache.org,Polygender
Lorilyn,lmcvee3y@feedburner.com,Female
Felizio,fmanicom3z@archive.org,Polygender
Casi,ckeemer40@360.cn,Bigender
Susanna,sbale41@rakuten.co.jp,Female
Jeno,jjaques42@technorati.com,Agender
Margarita,mhanwright43@buzzfeed.com,Genderqueer
Cirillo,chollingdale44@rambler.ru,Female
Alaster,abalassi45@blogtalkradio.com,Agender
Bernardina,bculpin46@npr.org,Genderfluid
Bel,bstenner47@wired.com,Bigender
Willem,wlagne48@domainmarket.com,Female
Colan,cbroderick49@parallels.com,Genderfluid
Cicely,cklassman4a@ustream.tv,Agender
Micah,mlochhead4b@hibu.com,Bigender
Emmalee,edelascy4c@elpais.com,Genderqueer
Carlie,cnowakowski4d@51.la,Polygender
Reinold,rsobczak4e@uol.com.br,Non-binary
Ivar,idomerque4f@quantcast.com,Non-binary
Mischa,mmelley4g@census.gov,Genderqueer
Nathalie,ngeraudy4h@vimeo.com,Polygender
Roderic,rmccaghan4i@examiner.com,Male
Read,rmellor4j@virginia.edu,Genderfluid
Murielle,mdemeza4k@vk.com,Female
Athene,akenset4l@gravatar.com,Agender
Jermaine,joaten4m@ustream.tv,Genderfluid
Stephan,scleland4n@google.pl,Polygender
Niki,nbewsy4o@xrea.com,Male
Sandra,sdeveril4p@fastcompany.com,Bigender
Fredrick,floache4q@ycombinator.com,Agender
Cassie,cmcelory4r@dedecms.com,Genderqueer
Terencio,tsteuhlmeyer4s@mail.ru,Polygender
Yoshi,ytramel4t@marketwatch.com,Genderqueer
Chantal,cswanson4u@amazonaws.com,Agender
Lelia,ldentith4v@t-online.de,Non-binary
Lethia,lcantrill4w@vk.com,Genderqueer
Julius,jmelwall4x@stumbleupon.com,Genderfluid
Torin,tuttermare4y@cbsnews.com,Bigender
Mirabelle,mbabbe4z@opera.com,Male
Raeann,rickovitz50@hexun.com,Non-binary
Gianni,gjackalin51@fda.gov,Non-binary
Bunni,bnel52@wufoo.com,Genderqueer
Haleigh,hmarks53@auda.org.au,Genderfluid
Hamil,hdyde54@cmu.edu,Agender
Wally,wsaunder55@skype.com,Polygender
Pandora,pnelle56@narod.ru,Genderqueer
Mathe,mrumming57@alexa.com,Genderqueer
Hazel,hwitcherley58@dailymail.co.uk,Female
Paulie,ptures59@moonfruit.com,Bigender
Lizabeth,lmuge5a@csmonitor.com,Bigender
Delmer,djenny5b@patch.com,Agender
Sashenka,squilkin5c@salon.com,Agender
Dennis,dlambrick5d@icq.com,Agender
Steffi,sroyson5e@ask.com,Male
Loria,lthumim5f@chronoengine.com,Agender
Bathsheba,bmoberley5g@icq.com,Female
Betsey,bfennelly5h@hatena.ne.jp,Genderqueer
Jaymie,jedgington5i@zdnet.com,Bigender
Zachariah,zdalgetty5j@ask.com,Polygender
Dannel,deldredge5k@wisc.edu,Bigender
Laurene,lguess5l@rediff.com,Agender
Verna,vlyptrit5m@chicagotribune.com,Polygender
Mose,mdifrisco5n@biglobe.ne.jp,Female
Jermaine,jhurling5o@dagondesign.com,Bigender
Francine,fflello5p@over-blog.com,Non-binary
Hollis,hharvett5q@angelfire.com,Genderqueer
Lebbie,lrawles5r@craigslist.org,Male
Betti,bbeckensall5s@nsw.gov.au,Non-binary
Tressa,tbointon5t@house.gov,Agender
Gan,gsymes5u@accuweather.com,Genderqueer
Roland,rtordiffe5v@digg.com,Polygender
Major,mdubarry5w@etsy.com,Polygender
Ermanno,edayer5x@booking.com,Genderfluid
Genevieve,gpetcher5y@prnewswire.com,Non-binary
Marcella,mberthelet5z@tripod.com,Polygender
Babita,bsemered60@ucsd.edu,Genderfluid
Reggi,redelmann61@symantec.com,Agender
Raimund,rstonary62@dyndns.org,Non-binary
Josepha,jwoodus63@omniture.com,Polygender
Gussy,gbloomfield64@webeden.co.uk,Genderfluid
Florinda,fyanshinov65@redcross.org,Genderfluid
Farleigh,fsehorsch66@shop-pro.jp,Genderfluid
Nicol,nbessant67@dailymail.co.uk,Agender
Odell,ocavey68@studiopress.com,Female
Rudie,rdalzell69@nhs.uk,Polygender
Mira,mkleint6a@php.net,Agender
Genevieve,ggauvain6b@fastcompany.com,Polygender
Germayne,gcullerne6c@taobao.com,Female
Conny,craubenheim6d@about.me,Genderfluid
Isidoro,iglancey6e@amazonaws.com,Non-binary
Ringo,rislep6f@discuz.net,Genderqueer
Austen,alabroue6g@mozilla.com,Male
Lark,lmatisoff6h@sohu.com,Male
Wendall,wcamelli6i@istockphoto.com,Female
Giana,gbenoey6j@qq.com,Genderfluid
Buiron,bfranzotto6k@over-blog.com,Genderfluid
Erwin,edemetz6l@themeforest.net,Female
Sol,srameau6m@wsj.com,Genderqueer
Griz,gferneley6n@skyrock.com,Male
Dedie,dvigietti6o@princeton.edu,Male
Jule,jstivey6p@linkedin.com,Bigender
Caryl,chansford6q@bbc.co.uk,Genderqueer
Twila,tdutch6r@freewebs.com,Bigender
Borden,bgirdlestone6s@bravesites.com,Agender
Web,wconnaughton6t@netscape.com,Male
Roxie,rburdis6u@storify.com,Genderqueer
Ambrosi,aawcoate6v@paypal.com,Male
Quinton,qcope6w@google.com.hk,Genderqueer
Annabel,amacgiolla6x@pbs.org,Non-binary
Gaultiero,ghughson6y@smh.com.au,Genderfluid
Willamina,wdering6z@spiegel.de,Genderqueer
Robbert,rsugar70@ucoz.com,Female
Daria,dkopfen71@google.com.au,Bigender
Sallyann,slauga72@shutterfly.com,Polygender
Elisha,erasp73@narod.ru,Genderfluid
Morgun,mjermy74@hc360.com,Non-binary
Victor,vstocky75@microsoft.com,Polygender
Lauren,lalway76@blogspot.com,Bigender
Aldis,asteanson77@scribd.com,Genderqueer
Aryn,amccathie78@ehow.com,Female
Charita,csherlock79@statcounter.com,Non-binary
Sheeree,sticic7a@cargocollective.com,Non-binary
Dian,dpeirson7b@berkeley.edu,Non-binary
Nicoline,ngofforth7c@technorati.com,Agender
Ricard,rharvard7d@so-net.ne.jp,Polygender
Lorine,lreinard7e@princeton.edu,Male
Neysa,nyeliashev7f@squarespace.com,Female
Hedi,hmcconachie7g@nih.gov,Female
Jeri,jygou7h@techcrunch.com,Male
Vivian,vchilds7i@mozilla.org,Polygender
Alexandro,aarrington7j@hud.gov,Male
Cointon,cbrainsby7k@yelp.com,Male
Jeremy,jlorking7l@flavors.me,Female
Damaris,dkarpychev7m@bbc.co.uk,Male
Kaspar,kchown7n@sun.com,Male
Lotti,lmatskevich7o@hibu.com,Female
Reinaldos,rofearguise7p@hibu.com,Genderfluid
Hannis,hpoole7q@jalbum.net,Polygender
Josee,jjakubovsky7r@technorati.com,Bigender
Gerty,ggoodfellow7s@sina.com.cn,Genderfluid
Weber,wweight7t@google.co.jp,Non-binary
Jessey,jburgoin7u@deviantart.com,Female
Karee,kpinnocke7v@e-recht24.de,Non-binary
Stella,ssimoens7w@google.co.jp,Genderfluid
Miguela,mwhifen7x@newyorker.com,Non-binary
Griff,gfeatley7y@ovh.net,Genderfluid
Rupert,rrefford7z@topsy.com,Polygender
Halley,hwilsone80@vistaprint.com,Male
Nappy,ndignon81@earthlink.net,Female
Jaye,jcackett82@pinterest.com,Genderfluid
Ikey,imoxley83@digg.com,Polygender
Verna,vnewlands84@dagondesign.com,Non-binary
Brandyn,blonghorne85@chronoengine.com,Bigender
Antonina,adodding86@redcross.org,Male
Selestina,smckenna87@salon.com,Genderqueer
Neil,nsellors88@noaa.gov,Polygender
Wadsworth,wstearnes89@ameblo.jp,Female
Burnard,bwhittier8a@lulu.com,Genderfluid
Oralie,ogrunson8b@va.gov,Male
Lani,lmccoy8c@com.com,Polygender
Krishna,kniche8d@whitehouse.gov,Genderqueer
Ardenia,agresley8e@uol.com.br,Male
Denyse,dhembery8f@ucla.edu,Genderfluid
Koenraad,ktraviss8g@nyu.edu,Female
Evania,ewhilde8h@archive.org,Genderfluid
Genia,gelliff8i@simplemachines.org,Female
Alecia,ademars8j@omniture.com,Polygender
Elizabet,efonzone8k@toplist.cz,Polygender
Tobe,thirtzmann8l@amazon.de,Bigender
Shem,sbinge8m@oakley.com,Female
Rosaleen,rortmann8n@webs.com,Male
Yardley,ytonner8o@cargocollective.com,Female
Byrann,beliet8p@go.com,Bigender
Joyce,jlindop8q@ycombinator.com,Genderqueer
Haslett,hliley8r@weather.com,Bigender
Celestyna,crenforth8s@npr.org,Non-binary
Jedediah,jdeeprose8t@loc.gov,Bigender
Boote,bhuortic8u@deliciousdays.com,Agender
Bard,bbeek8v@aboutads.info,Male
Timotheus,thryncewicz8w@github.io,Genderqueer
Tomlin,tlivezey8x@sbwire.com,Bigender
Abramo,atamplin8y@nba.com,Male
Meriel,mapted8z@hibu.com,Genderqueer
Doreen,dbugbird90@cam.ac.uk,Male
Rikki,rsynder91@merriam-webster.com,Genderfluid
Sunny,sduddell92@timesonline.co.uk,Non-binary
Misty,memett93@wordpress.org,Polygender
Pasquale,phanson94@github.io,Agender
Isador,imoorcroft95@mediafire.com,Genderfluid
Iorgo,iirwin96@tamu.edu,Genderqueer
Daron,dtoop97@bizjournals.com,Genderfluid
Inigo,ijobke98@indiegogo.com,Female
Ruthe,rmalbon99@uol.com.br,Genderfluid
Ethyl,eduffil9a@loc.gov,Male
Norris,ndovinson9b@census.gov,Female
Ardath,afolomkin9c@soup.io,Genderfluid
Dame,djeune9d@imdb.com,Female
Robin,rfarron9e@discovery.com,Bigender
Kinny,kbalas9f@mapquest.com,Bigender
Samara,smathiassen9g@aboutads.info,Agender
Kirby,kthouless9h@flavors.me,Non-binary
Willy,wdelmage9i@go.com,Female
Justus,jgatland9j@bloglovin.com,Female
Jo,jcowlas9k@aboutads.info,Polygender
Tiffany,tbamb9l@artisteer.com,Male
Moises,mcrowest9m@edublogs.org,Polygender
Kristos,kcrees9n@reuters.com,Genderfluid
Adrien,aclackson9o@yandex.ru,Agender
Vere,vfrearson9p@baidu.com,Polygender
Melisandra,mglaum9q@webs.com,Female
Caressa,clydall9r@topsy.com,Non-binary
Brien,blennarde9s@hao123.com,Bigender
Rodger,rnurdin9t@symantec.com,Polygender
Benedicto,bgarey9u@howstuffworks.com,Genderqueer
Belita,bbalderstone9v@skype.com,Genderqueer
Price,plaetham9w@weebly.com,Agender
Katrine,kposnette9x@macromedia.com,Non-binary
Felic,fwoonton9y@mac.com,Bigender
Werner,wwebberley9z@unblog.fr,Male
Willdon,wthickinsa0@sciencedaily.com,Polygender
Phillida,pdowdama1@devhub.com,Non-binary
Collen,clumlya2@vkontakte.ru,Bigender
Vicki,vjunkina3@huffingtonpost.com,Genderfluid
Marcelia,mgartha4@csmonitor.com,Non-binary
Inness,ihansforda5@usda.gov,Genderfluid
Lesya,ldudleya6@go.com,Agender
Boyce,bknoblea7@macromedia.com,Bigender
Sheba,slabaa8@mysql.com,Agender
Aldon,amallebonea9@china.com.cn,Polygender
Marnia,mskittrellaa@addtoany.com,Male
Kev,knaiseyab@loc.gov,Genderqueer
Caroljean,cfellsac@bbc.co.uk,Genderqueer
Luisa,lvoicead@360.cn,Genderqueer
Deva,dfetterplaceae@cisco.com,Bigender
Ansley,astendellaf@issuu.com,Female
Tiffanie,tguyersag@cloudflare.com,Non-binary
Cher,cmarnesah@example.com,Polygender
Odelia,ogannicleffai@marketwatch.com,Genderfluid
Corrina,cgouckaj@soundcloud.com,Genderqueer
Kata,kfarnworthak@sciencedirect.com,Female
Mela,msaltersal@sfgate.com,Non-binary
Beitris,bbarlowam@nba.com,Agender
Vivianna,vaytonan@tumblr.com,Genderqueer
Judy,jmeaghao@mediafire.com,Genderfluid
Rosaline,rblintap@ed.gov,Genderqueer
Onfroi,ohurleraq@gmpg.org,Agender
Ruperto,ryockneyar@cornell.edu,Polygender
Ambrosius,amarrittas@feedburner.com,Female
Tamarra,tlinkat@whitehouse.gov,Polygender
Darcie,dgarrardau@guardian.co.uk,Male
Elvyn,eudaleav@nifty.com,Female
Winni,wloadwickaw@zimbio.com,Male
Dulcia,dhanbidgeax@theglobeandmail.com,Genderqueer
Hoebart,hgorussoay@twitter.com,Genderfluid
Niven,nstorahaz@sourceforge.net,Non-binary
Wesley,wlongeab0@domainmarket.com,Female
Claudine,ccassinb1@hostgator.com,Male
Kenny,kfilipovb2@theglobeandmail.com,Non-binary
Gerik,gsomersetb3@cbslocal.com,Non-binary
Waring,wsympsonb4@163.com,Male
Gare,gmowatb5@wordpress.org,Genderfluid
Renelle,rblumsonb6@harvard.edu,Male
Tod,tmarchingtonb7@mit.edu,Female
Jonathon,jjelfsb8@washington.edu,Male
Evelyn,evlasenkovb9@hubpages.com,Non-binary
Irwin,iginmanba@virginia.edu,Polygender
Richardo,rgiacobazzibb@yahoo.com,Polygender
Lydon,lbehrendsenbc@pbs.org,Genderqueer
Lesly,lmuckleybd@shareasale.com,Non-binary
Zed,zobrallaghanbe@yolasite.com,Male
Meggy,mfitzgibbonbf@twitter.com,Agender
Reiko,rcunninghambg@hc360.com,Male
Tawnya,tgodferybh@go.com,Polygender
Emlen,ekurtisbi@pcworld.com,Non-binary
Lurleen,llestrangebj@walmart.com,Bigender
Ramsay,rtimsbk@usnews.com,Female
Bartolomeo,bchamneybl@weather.com,Genderqueer
Nikaniki,nfoulghambm@creativecommons.org,Genderfluid
Marcello,mbeagleholebn@si.edu,Agender
Gerri,gquarlisbo@meetup.com,Genderfluid
Sal,swherritbp@google.ca,Genderqueer
Yalonda,ybardwallbq@cornell.edu,Male
Brit,bjoirebr@eepurl.com,Female
Kermy,koenbs@hatena.ne.jp,Polygender
Leshia,lmcairtbt@hatena.ne.jp,Genderqueer
Diannne,dblacksellbu@sfgate.com,Agender
Dierdre,dtittbv@ifeng.com,Non-binary
Salomon,sskokoebw@liveinternet.ru,Genderqueer
Tomlin,tglydebx@skyrock.com,Genderqueer
Mireille,mcashamby@baidu.com,Agender
Kelwin,ktregonnabz@eepurl.com,Bigender
Henrik,hmifflinc0@chicagotribune.com,Bigender
Selena,sfarrawayc1@uiuc.edu,Genderfluid
Celesta,cflecknellc2@pagesperso-orange.fr,Male
Binni,bjandacc3@trellian.com,Non-binary
Margette,mfidellc4@feedburner.com,Female
Diann,disenorc5@nature.com,Bigender
Willow,wborgesioc6@ebay.com,Genderqueer
Venita,vartinstallc7@liveinternet.ru,Agender
Korey,kjakemanc8@whitehouse.gov,Male
Myrah,mplumptrec9@1und1.de,Female
Damaris,dvermanca@microsoft.com,Bigender
Morry,mkobierzyckicb@deliciousdays.com,Non-binary
Wilek,wfulkscc@mlb.com,Polygender
Alphonso,aharrymancd@multiply.com,Polygender
Martainn,mreubelce@mashable.com,Genderfluid
Gawen,gfarfolomeevcf@artisteer.com,Agender
Sam,sgidleycg@washington.edu,Non-binary
Fanni,fjarvisch@weibo.com,Polygender
Letisha,lwarlaweci@google.cn,Female
Sunny,strathancj@printfriendly.com,Bigender
Dionisio,droadknightck@themeforest.net,Genderfluid
Bernita,bfanningcl@accuweather.com,Male
Darrel,dmulhallcm@europa.eu,Genderfluid
Bridgette,bchewtercn@netvibes.com,Bigender
Vite,vporttco@squarespace.com,Bigender
Allie,abratchellcp@seattletimes.com,Bigender
Kirsti,klehrercq@youtube.com,Polygender
Federico,fembracr@google.cn,Male
Maryjane,mpashlercs@godaddy.com,Bigender
Paco,pquibellct@t.co,Polygender
Wenonah,wsnellingcu@epa.gov,Agender
Gerik,gruselincv@hibu.com,Female
Jess,jsidrycw@imdb.com,Genderfluid
Moore,mtaggettcx@mozilla.com,Female
Trixy,tknappittcy@mozilla.com,Polygender
Ernesto,egohiercz@pinterest.com,Genderfluid
Gareth,glouded0@mysql.com,Non-binary
Genevra,gvannuccinid1@columbia.edu,Polygender
Nikoletta,nghirond2@yelp.com,Genderfluid
Jermaine,jwhitehoused3@bbb.org,Bigender
Emera,edownied4@samsung.com,Bigender
Tomkin,tmatysiakd5@wp.com,Genderqueer
Jethro,jchamand6@shop-pro.jp,Female
Ddene,doxtibyd7@blogger.com,Female
Bride,bbraitlingd8@google.fr,Male
Jude,jgerardid9@uiuc.edu,Genderqueer
Kathryn,kclanceyda@abc.net.au,Genderqueer
Marten,mhedgecockdb@dedecms.com,Bigender
Marjie,mmacairtdc@ucsd.edu,Genderqueer
Orv,ocowderoydd@businessinsider.com,Polygender
Cammie,cdulieude@uiuc.edu,Genderqueer
Otho,odoubledf@phpbb.com,Bigender
Gustavus,grobkedg@google.nl,Female
Mel,mgatissdh@apache.org,Bigender
Netti,ntiltdi@miibeian.gov.cn,Bigender
Andrea,akeighlydj@loc.gov,Polygender
Charlton,crainforthdk@google.es,Genderfluid
Lottie,limlendl@cmu.edu,Bigender
Caritta,cquodlingdm@intel.com,Genderfluid
Roderic,rgueinndn@amazon.co.uk,Female
Courtney,cwilcottdo@bloglovin.com,Male
Aubrey,abesseydp@bluehost.com,Bigender
Anne,adellenbrokerdq@vistaprint.com,Agender
Doti,dnertneydr@noaa.gov,Genderqueer
Malinde,mhuetds@abc.net.au,Male
Ase,acuttendt@wunderground.com,Genderqueer
Tiffy,tsaywooddu@google.com,Agender
Helenelizabeth,hfeasleydv@youku.com,Genderfluid
Fifine,fvotierdw@mysql.com,Genderqueer
Sadella,ssambalsdx@unesco.org,Non-binary
Niel,nelletsondy@go.com,Polygender
Una,umccaskilldz@nydailynews.com,Male
Talya,tofeeneye0@360.cn,Agender
Angelica,askeletone1@hatena.ne.jp,Genderfluid
Alyson,anergere2@census.gov,Polygender
Killian,kirvinee3@msn.com,Polygender
Lewes,lwadesone4@dedecms.com,Male
Jen,jfennellye5@creativecommons.org,Bigender
Reinhold,rlepiscopie6@usda.gov,Polygender
Valle,vfigine7@discovery.com,Agender
Kesley,kgerrite8@1688.com,Non-binary
Tedda,tdurne9@huffingtonpost.com,Non-binary
Giovanna,gfrodshamea@sakura.ne.jp,Male
Gayle,gfolliseb@godaddy.com,Genderfluid
Gilles,gcrispeec@nature.com,Female
Adelina,aharbageed@cocolog-nifty.com,Non-binary
Adolphus,akamenaree@usa.gov,Polygender
Hayes,hjantonef@sciencedirect.com,Male
Ezra,emaskelyneeg@csmonitor.com,Non-binary
Chevalier,cmaddisoneh@disqus.com,Female
Nero,nsaraei@reference.com,Genderqueer
Maury,mvaleej@spiegel.de,Female
Shaylynn,smuskettek@fotki.com,Female
Eddy,egleaderel@imgur.com,Agender
Wat,wricardouem@dmoz.org,Non-binary
Federica,fhusseyen@intel.com,Female
Nikoletta,ncrateseo@psu.edu,Genderfluid
Tadeas,tfelixep@wsj.com,Non-binary
Brianne,bfarryaneq@reuters.com,Non-binary
Tiffie,treddlesdener@pagesperso-orange.fr,Agender
Thurston,temeses@hhs.gov,Genderqueer
Ulysses,uconstantet@hud.gov,Genderfluid
Batholomew,bkrolleu@moonfruit.com,Genderfluid
Tiebold,tfannev@mediafire.com,Male
Sharron,sbeckwithew@taobao.com,Polygender
Everard,efeaveerex@twitpic.com,Agender
Moina,mlokerey@wix.com,Agender
Lane,lriellyez@blogs.com,Female
Gipsy,geckersleyf0@oracle.com,Genderfluid
Pietro,pcroxleyf1@nih.gov,Female
Charleen,cstrafenf2@utexas.edu,Non-binary
Wilma,wemmisonf3@people.com.cn,Polygender
Jeremie,jpetrinaf4@facebook.com,Non-binary
Burg,broyalf5@1688.com,Polygender
Joni,jsiebertf6@github.io,Bigender
Mano,mbanischf7@yahoo.co.jp,Bigender
Arda,abernonf8@constantcontact.com,Genderfluid
Aila,aledgardf9@github.com,Female
Nobe,ngriolifa@t-online.de,Non-binary
Hetti,hmactrustyfb@de.vu,Genderqueer
Yul,ypettyfarfc@hhs.gov,Polygender
Sigismund,slattiefd@constantcontact.com,Genderfluid
Vinny,vbridgenfe@163.com,Male
Annnora,arupprechtff@yellowbook.com,Non-binary
Adelheid,atudorfg@cnbc.com,Non-binary
Alys,ajagoefh@1und1.de,Agender
Dalia,dwaytfi@tumblr.com,Polygender
Cassy,cfullickfj@oakley.com,Male
James,jnisbyfk@vk.com,Agender
Cordie,ccordeaufl@virginia.edu,Female
Sydney,skinkaidfm@scientificamerican.com,Male
Somerset,swarbyfn@ustream.tv,Non-binary
Schuyler,skennafo@hhs.gov,Genderqueer
Berne,bgaylorfp@yahoo.com,Genderqueer
Riordan,rjerschfq@fema.gov,Genderqueer
Alyssa,anasonfr@vkontakte.ru,Male
Rivkah,rsilvertonfs@comsenz.com,Genderfluid
Brew,bwescottft@example.com,Male
Moina,mrenouffu@foxnews.com,Bigender
Kare,kdorbinfv@ning.com,Female
Valma,vcarlesifw@nhs.uk,Non-binary
Terry,tjonfx@issuu.com,Genderqueer
Milena,mgurnellfy@sbwire.com,Bigender
Quintin,qmissendenfz@4shared.com,Genderqueer
Laurene,lhollyerg0@sakura.ne.jp,Bigender
Isabelita,imacandreisg1@accuweather.com,Genderqueer
Pancho,pvanhaefteng2@netlog.com,Male
Sigrid,sdemichettig3@answers.com,Genderfluid
Wilmar,wlawlingsg4@friendfeed.com,Genderqueer
Horatius,hmarisg5@bizjournals.com,Bigender
Julina,jmarqueseg6@google.nl,Polygender
Ollie,omoncarrg7@usnews.com,Agender
Noelyn,nwagnerg8@simplemachines.org,Polygender
Doralyn,dcrooseg9@tripadvisor.com,Genderfluid
Elicia,edanbyga@craigslist.org,Genderfluid
Noble,nehratgb@yellowbook.com,Male
Cecil,cseadongc@ted.com,Genderqueer
Diena,dtouseygd@mit.edu,Agender
Janessa,jtumultyge@economist.com,Polygender
Justinian,jpetrellogf@cyberchimps.com,Bigender
Benedetto,baismangg@jigsy.com,Agender
Guenevere,gmccanegh@clickbank.net,Genderqueer
Marsiella,mtumbergi@time.com,Non-binary
Darda,dsprowlesgj@auda.org.au,Female
Molli,mmarvingk@mit.edu,Female
Karolina,knorssistergl@hexun.com,Bigender
Ina,iissattgm@time.com,Female
Faber,fclashegn@craigslist.org,Genderfluid
Michelina,mrothchildgo@jalbum.net,Non-binary
Sheilah,smaughangp@tiny.cc,Genderqueer
Tyson,tpehrssongq@upenn.edu,Female
Hatty,hsoppethgr@deviantart.com,Genderqueer
Ritchie,rjarrittgs@imgur.com,Genderfluid
Blisse,bbricknellgt@jigsy.com,Genderfluid
Ax,aoddeygu@fc2.com,Agender
Nan,nglidegv@adobe.com,Genderqueer
Dodie,deaglestonegw@example.com,Genderqueer
Wenonah,wrobartsgx@lycos.com,Genderfluid
Jeralee,jjeandotgy@oracle.com,Agender
Roch,rscutcheongz@wikia.com,Agender
Milena,mdmisekh0@npr.org,Female
Jen,jteersh1@oakley.com,Male
Nissy,nwitherbyh2@cafepress.com,Agender
Booth,bjiruh3@creativecommons.org,Genderqueer
Alanson,ascholeyh4@mashable.com,Non-binary
Yevette,ypaddyh5@behance.net,Genderfluid
Elmo,eperrenh6@forbes.com,Male
Grier,gspeirh7@plala.or.jp,Male
Jordon,jwilsteadh8@photobucket.com,Genderfluid
Bourke,bspeakeh9@networksolutions.com,Non-binary
Mozelle,mbaggallayha@forbes.com,Agender
Annemarie,aterrellyhb@cbsnews.com,Polygender
Esmaria,eastlethc@privacy.gov.au,Polygender
Lorain,lwhitwamhd@washington.edu,Non-binary
Marion,mfarrarhe@chron.com,Genderfluid
Garnette,gfawcetthf@wordpress.org,Agender
Haven,hlusheyhg@pcworld.com,Polygender
Nevsa,nfaussetthh@marketwatch.com,Agender
Corissa,cdorowhi@washingtonpost.com,Non-binary
Ebeneser,echampkenhj@yellowpages.com,Male
Maryl,mcantrellhk@npr.org,Genderfluid
Jammal,jhiscoehl@salon.com,Genderfluid
Kessiah,kkennahm@wikispaces.com,Male
Augustine,aseinhn@hp.com,Bigender
Elnar,epannamanho@tripadvisor.com,Male
Brendis,bmackinderhp@amazon.co.uk,Genderfluid
Amii,agooseyhq@cdc.gov,Non-binary
Lydon,llorrainhr@miibeian.gov.cn,Polygender
Skylar,sparamorhs@sbwire.com,Genderfluid
Dollie,djackalinht@seattletimes.com,Genderfluid
Annmarie,agoldinghu@google.co.jp,Female
Krystle,kmilneshv@weibo.com,Agender
Jerrylee,jtrewhw@ucoz.ru,Agender
Ardelle,aswadenhx@rediff.com,Genderfluid
Edwin,edollimorehy@i2i.jp,Polygender
Florie,fsallnowhz@census.gov,Female
Callie,cprayi0@wikipedia.org,Genderqueer
Erl,etrucei1@bloglovin.com,Genderqueer
Alia,agreenmani2@redcross.org,Polygender
Corey,cdaggetti3@redcross.org,Agender
Puff,pmchirriei4@comsenz.com,Male
Christabella,cbriani5@sina.com.cn,Polygender
Lilllie,lpughsleyi6@shareasale.com,Genderqueer
Konstantine,kfulkesi7@wufoo.com,Genderfluid
Bryn,bcallardi8@auda.org.au,Bigender
Paulita,pjadczaki9@mail.ru,Genderqueer
Lesli,lgreenshielsia@washingtonpost.com,Non-binary
Pauli,pdundridgeib@nationalgeographic.com,Male
Karie,kmacguffieic@ameblo.jp,Genderfluid
Lurette,lmartelid@yahoo.co.jp,Genderfluid
Elsey,egrzesiakie@about.me,Polygender
Evanne,ekhanif@howstuffworks.com,Polygender
Lyndel,lfaircliffeig@ask.com,Genderfluid
Tracy,tmccluneih@independent.co.uk,Female
Tobe,tmenchentonii@spiegel.de,Genderfluid
York,ybalazsij@pen.io,Genderqueer
Billie,bcottyik@webeden.co.uk,Female
Trixie,tmollenil@mashable.com,Female
Frazer,fwelberryim@histats.com,Female
Aigneis,adebischopin@furl.net,Female
Gabriellia,gnewberryio@nyu.edu,Bigender
Myrah,mrozanskiip@ted.com,Agender
Skylar,showsleyiq@reference.com,Agender
Frannie,fsomertonir@wikia.com,Non-binary
Maximilien,mhedworthis@hexun.com,Genderqueer
Bruis,bboddyit@go.com,Bigender
Jaime,jwoolseyiu@cisco.com,Female
Ermengarde,esabbinsiv@cornell.edu,Bigender
Gonzalo,gdesaveryiw@i2i.jp,Agender
Alexander,awoolrichix@mozilla.org,Female
Aleta,amacmickaniy@sourceforge.net,Bigender
Karney,kgeorgiiz@dagondesign.com,Male
Carlynne,cagostinij0@bloglines.com,Genderfluid
Dorthea,dyitzhakofj1@photobucket.com,Agender
Michaela,mhumblesj2@51.la,Non-binary
Nomi,nberriballj3@cisco.com,Polygender
Michail,msalazarj4@ed.gov,Genderfluid
Gerladina,ghotchkinj5@apple.com,Genderqueer
Candace,cdoucettej6@infoseek.co.jp,Genderfluid
Timmi,tlowdwellj7@home.pl,Genderqueer
Lilas,lhasleyj8@addtoany.com,Genderqueer
Birdie,bkeyj9@loc.gov,Genderfluid
Elisabet,emailesja@umich.edu,Agender
Elonore,emacairtjb@virginia.edu,Polygender
Honor,hedmonsonjc@slideshare.net,Agender
Gerrie,gchipperfieldjd@msn.com,Polygender
Vidovik,vgievesje@gov.uk,Genderfluid
Joycelin,jfrantzenjf@hp.com,Non-binary
Hendrik,hblagdenjg@aboutads.info,Male
Michele,mhowesjh@toplist.cz,Female
Galen,grentelllji@cmu.edu,Polygender
Brent,bmatzeitisjj@tripod.com,Male
Coop,cvallowjk@chicagotribune.com,Polygender
Isidor,ibatterjl@flickr.com,Genderfluid
Liliane,lgaugejm@cargocollective.com,Male
Vaughan,vdebruijnejn@senate.gov,Female
Koenraad,ktemplarjo@sphinn.com,Non-binary
Leeanne,lbabejp@geocities.com,Non-binary
Parrnell,pmacroryjq@storify.com,Genderqueer
Riccardo,rbradenjr@hubpages.com,Non-binary
Ilysa,icotelardjs@unc.edu,Bigender
Roxy,rbiasinijt@surveymonkey.com,Female
Aida,apladenju@wsj.com,Agender
Erinna,escottinijv@uol.com.br,Agender
Adel,areelyjw@nytimes.com,Female
Averell,abiggerdikejx@blinklist.com,Polygender
Dorena,dbroadberriejy@blog.com,Male
Carlyn,cjurzykjz@google.fr,Male
Selby,sjohantgesk0@vistaprint.com,Non-binary
Anne-corinne,akieltyk1@rediff.com,Polygender
Leland,lbecomk2@nasa.gov,Bigender
Aurelia,acraigmilek3@skyrock.com,Genderfluid
Diahann,dmcmylork4@examiner.com,Agender
Ermentrude,ephebeek5@shop-pro.jp,Polygender
Tyne,ttunnahk6@oakley.com,Male
Jacquenette,jbrunottik7@wufoo.com,Female
Dulci,dmatteik8@ibm.com,Genderqueer
Gayel,gswindleyk9@berkeley.edu,Male
Prissie,pjoppichka@cmu.edu,Bigender
Frederico,feldinkb@xing.com,Female
Jeanette,jguentherkc@sun.com,Male
Pearline,pjacopkd@nymag.com,Genderfluid
Dave,dbertheke@wix.com,Genderqueer
Nils,npohlskf@springer.com,Male
Joane,jbradiekg@cdbaby.com,Bigender
Oberon,oclairkh@eventbrite.com,Polygender
Morly,mosanki@intel.com,Female
Jesse,jbousteadkj@cdc.gov,Agender
Angy,aglassmankk@cyberchimps.com,Polygender
Ileana,ihartgillkl@tripadvisor.com,Non-binary
Mel,mgascoignekm@google.com.br,Genderqueer
Franzen,ffelipekn@theatlantic.com,Polygender
Dermot,dnaperko@barnesandnoble.com,Polygender
Jilly,jdykaskp@cisco.com,Female
Nada,nzanettinikq@thetimes.co.uk,Genderqueer
Kylie,kfrareykr@github.com,Bigender
Brady,bfairbankks@google.fr,Genderqueer
Nanete,nszanthokt@reddit.com,Male
Tarrah,tolczakku@istockphoto.com,Genderqueer
Enrika,epowdrellkv@typepad.com,Agender
Xymenes,xswetmorekw@blogs.com,Male
Cristina,cfriettkx@foxnews.com,Polygender
Richie,rdorreky@dailymail.co.uk,Agender
Hubey,hsobeykz@seattletimes.com,Non-binary
Gottfried,gkurtonl0@google.com.br,Polygender
Clayborne,cvannetl1@oakley.com,Female
Quinta,qsounessl2@chronoengine.com,Genderfluid
Agatha,aslaneyl3@walmart.com,Genderfluid
Howard,hpendergastl4@posterous.com,Female
Hewie,hwalshawl5@nsw.gov.au,Genderqueer
Mahmoud,mdriscolll6@earthlink.net,Non-binary
Katlin,kcapelinl7@etsy.com,Bigender
Klarrisa,kcastellonel8@psu.edu,Non-binary
Sebastian,sgudgel9@chron.com,Agender
Gradeigh,gtoffanola@ucoz.ru,Non-binary
Neron,ncallerlb@soundcloud.com,Polygender
Myranda,mhuckelc@tripadvisor.com,Bigender
Celeste,cbleasld@ning.com,Agender
Morlee,mphythienle@oakley.com,Male
Bevvy,bmcgillreichlf@tinyurl.com,Agender
Larissa,lneathlg@hibu.com,Male
Odey,osizelandlh@imdb.com,Polygender
Trescha,tiorizzoli@dot.gov,Genderfluid
Frankie,ftethacotlj@wsj.com,Polygender
Nealon,nflamentlk@mozilla.org,Female
Paton,pciciottill@phpbb.com,Male
Zita,zpotkinslm@csmonitor.com,Non-binary
Augy,abuckthorpeln@about.me,Non-binary
Laryssa,lchristoforoulo@discuz.net,Genderqueer
Mellie,mharphamlp@wikipedia.org,Agender
Anestassia,adulinlq@free.fr,Agender
Charline,ccaghylr@unesco.org,Polygender
Martie,mfrankemals@blogger.com,Genderfluid
Robinet,rhrachoveclt@wunderground.com,Non-binary
Adey,asaxtonlu@cbsnews.com,Genderfluid
Donica,dbasellilv@opensource.org,Bigender
Jodi,jkubeckalw@mlb.com,Female
Erin,ewhitehalllx@chronoengine.com,Female
Eugine,efaithfullly@zimbio.com,Genderqueer
Desmond,dbultitudelz@jalbum.net,Non-binary
Rolando,rbamellm0@newyorker.com,Bigender
Hermon,hdelafoym1@dion.ne.jp,Female
Langsdon,loffieldm2@imdb.com,Genderqueer
Townie,tmurfordm3@xing.com,Bigender
Marielle,mbaynesm4@scribd.com,Non-binary
Marielle,mhewesm5@cocolog-nifty.com,Non-binary
Rafaelita,rbranneym6@yellowpages.com,Female
Rinaldo,raddinallm7@omniture.com,Female
Yanaton,ystaddenm8@bbc.co.uk,Female
Carson,cmullalym9@bloglovin.com,Female
Eugene,edunslevema@apple.com,Polygender
Tandie,tberwickmb@google.fr,Polygender
Mechelle,mblasonimc@merriam-webster.com,Non-binary
Tim,tmuttonmd@usatoday.com,Genderqueer
Ellen,edamarellme@constantcontact.com,Non-binary
Clair,ckennefickmf@yellowbook.com,Genderfluid
Nestor,nrockwellmg@imgur.com,Bigender
Moishe,mhendenmh@ca.gov,Genderqueer
Nerti,nburnepmi@macromedia.com,Male
Jori,jochterlonymj@fema.gov,Male
Jeth,jtyrwhittmk@goo.gl,Male
Dov,dfieldml@desdev.cn,Genderqueer
Ynes,yhariotmm@uol.com.br,Bigender
Nathan,ntrustrammn@imgur.com,Polygender
Charmian,choftonmo@smh.com.au,Male
Ricki,rbrabbsmp@imgur.com,Female
Jerrylee,jfrancescocciomq@mapquest.com,Genderfluid
Herrick,hyarwoodmr@pcworld.com,Non-binary
Val,vkimbroughms@cnn.com,Agender
Cyrus,cbetunmt@un.org,Agender
Arlin,adowderswellmu@dell.com,Bigender
Vivien,vstelfoxmv@godaddy.com,Genderqueer
Mandel,mbakstermw@auda.org.au,Polygender
Willa,wgregorowiczmx@bigcartel.com,Bigender
Ikey,ibarhamsmy@amazon.de,Bigender
Giffer,gbangleymz@goo.gl,Genderfluid
Salomon,skearsn0@shop-pro.jp,Polygender
Lanna,lwrinchn1@php.net,Female
Georgine,gperrenn2@friendfeed.com,Genderqueer
Edlin,ebeckittn3@drupal.org,Female
Andrej,ahulsen4@ox.ac.uk,Polygender
Gnni,gquartonn5@hud.gov,Genderfluid
Neille,nwarrn6@smugmug.com,Bigender
Kristan,kjeen7@ca.gov,Non-binary
Orelle,odakinn8@chicagotribune.com,Genderfluid
Katheryn,kmoynen9@eepurl.com,Genderfluid
Sharai,smckerliena@microsoft.com,Male
Marni,mdonahonb@newyorker.com,Genderqueer
Clara,cbonync@sourceforge.net,Female
Calla,cdeadmannd@ucoz.com,Agender
Olly,oshanksterne@arizona.edu,Polygender
Ric,rmelloynf@mapquest.com,Agender
Addi,akundtng@irs.gov,Female
Kath,kdabellnh@google.cn,Polygender
Seth,srollittni@irs.gov,Female
Drucill,dranscombenj@weebly.com,Polygender
Kory,kseckingtonnk@uiuc.edu,Male
Louella,loxernl@canalblog.com,Genderqueer
Clo,ckimblenm@bigcartel.com,Male
Georgeanna,gbraunenn@delicious.com,Polygender
Jo-anne,jmelleyno@admin.ch,Genderfluid
Anna-diana,asquelchnp@webmd.com,Genderfluid
Jayne,jstuckownq@macromedia.com,Non-binary
Hillard,hbandieranr@dyndns.org,Genderqueer
Hewe,hdelafoyns@globo.com,Male
Ellery,ephelannt@whitehouse.gov,Genderfluid
Alvis,aalcottnu@flavors.me,Genderfluid
Reggie,rsekullanv@psu.edu,Male
Genvieve,gwellbanknw@flavors.me,Genderqueer
Seka,scarwardinenx@hatena.ne.jp,Non-binary
Melamie,mdavidovicsny@gizmodo.com,Genderfluid
Skelly,scharletnz@ning.com,Non-binary
Andria,agrennano0@opera.com,Non-binary
Irwin,irhodeso1@csmonitor.com,Non-binary
Dotti,dgillisono2@google.nl,Genderqueer
Binny,bchasteneyo3@google.nl,Bigender
Jens,jcharrissono4@dell.com,Genderqueer
Lisbeth,lelsburyo5@cdbaby.com,Genderfluid
Debera,dmessiero6@dailymail.co.uk,Polygender
Revkah,rgodsafeo7@mlb.com,Polygender
Edouard,ecarffo8@booking.com,Bigender
Vinita,vwinscomo9@bandcamp.com,Genderfluid
Roby,rmerrikinoa@uiuc.edu,Bigender
Merv,mtatteshallob@springer.com,Female
Bentlee,bsetteringtonoc@apple.com,Non-binary
Datha,dwatkissod@ox.ac.uk,Polygender
Ermina,emcclurgoe@home.pl,Polygender
Giovanna,gkleemanof@unicef.org,Female
Charisse,ccadeog@gnu.org,Bigender
Abraham,abraithwaiteoh@samsung.com,Genderfluid
Anallese,aduffettoi@abc.net.au,Agender
Beryl,btraylenoj@google.com.br,Female
Ardenia,aalfonsook@japanpost.jp,Genderfluid
Jarrod,jguerinol@arizona.edu,Female
Atlante,ahatreyom@disqus.com,Agender
Gillian,gmatthaion@un.org,Male
Fancie,fdisbreyoo@opera.com,Female
Chen,cjoannidiop@1und1.de,Non-binary
Maxy,moccleshawoq@abc.net.au,Non-binary
Adriaens,amawsonor@squidoo.com,Genderfluid
Tonnie,ttowersos@gmpg.org,Polygender
Merle,mqueyosot@un.org,Agender
Flossi,fhaslinou@tripod.com,Male
Levey,lairsov@google.nl,Male
Celka,cteagueow@europa.eu,Female
Caro,cmcnayox@topsy.com,Genderqueer
Kynthia,kjerschkeoy@prnewswire.com,Polygender
Bidget,batheroz@123-reg.co.uk,Female
Lou,lelingtonp0@wordpress.com,Agender
Nathanil,nmallisonp1@cdbaby.com,Polygender
Dolley,dhardisonp2@wisc.edu,Genderfluid
Mozes,mpetricekp3@fc2.com,Male
Riannon,redginp4@mit.edu,Non-binary
Carlin,cchildsp5@twitpic.com,Male
Dyanne,dsiddensp6@whitehouse.gov,Agender
Marie-ann,maismanp7@columbia.edu,Agender
Vern,vmcfeatep8@businessinsider.com,Agender
Morgen,melmorep9@amazonaws.com,Non-binary
Katharyn,kmatypa@washington.edu,Genderqueer
Wallis,wcesconpb@wired.com,Female
Boris,bgilhooleypc@live.com,Genderqueer
Drucy,drattenberiepd@spiegel.de,Bigender
Evyn,ebardwallpe@yellowpages.com,Polygender
Colly,cpedripf@sourceforge.net,Agender
Wynnie,wcreesepg@drupal.org,Non-binary
Alwin,aabbottsph@scientificamerican.com,Polygender
Torey,tmartindalepi@yellowpages.com,Female
Glendon,gvallerinepj@sogou.com,Polygender
Fonsie,fslatterpk@goo.ne.jp,Female
Leesa,lproompl@joomla.org,Male
Philippine,pdjordjevicpm@cdbaby.com,Non-binary
Shaun,sloxstonpn@mtv.com,Non-binary
Carson,cflaggpo@cbsnews.com,Genderqueer
Shanon,sfantonettipp@indiegogo.com,Agender
Goldy,gswaytepq@angelfire.com,Female
Calv,cwaitlandpr@sciencedirect.com,Non-binary
Becca,bpillingtonps@hc360.com,Agender
Dulcine,dwrackpt@ameblo.jp,Non-binary
Jacky,jblankhornpu@army.mil,Polygender
Dirk,dprevettpv@engadget.com,Male
Butch,bgrovierpw@sogou.com,Genderqueer
Nowell,nyongpx@cnbc.com,Male
Fernanda,fcockspy@boston.com,Female
Taddeo,tshimmanpz@wix.com,Non-binary
Cally,coldreyq0@fda.gov,Bigender
Ermina,emastersonq1@w3.org,Genderfluid
Laryssa,lavoryq2@washingtonpost.com,Female
Lannie,lhabbijamq3@naver.com,Polygender
Grannie,gpantecostq4@yellowbook.com,Male
Walther,wgerbelq5@yahoo.com,Genderqueer
Selestina,sheiferq6@clickbank.net,Bigender
Tori,twhittetq7@yahoo.co.jp,Polygender
Charline,cbouldq8@apple.com,Female
Elysee,edightonq9@surveymonkey.com,Polygender
Melany,mantonioniqa@smugmug.com,Male
Clive,cpresswellqb@gnu.org,Female
Almire,achittimqc@tamu.edu,Agender
Ginelle,gattoqd@skyrock.com,Genderqueer
Marne,mchessunqe@washingtonpost.com,Polygender
Abbie,asantoraqf@barnesandnoble.com,Female
Darrel,dprinnqg@alibaba.com,Male
Saul,sjercheqh@meetup.com,Agender
Onofredo,olonghiqi@icq.com,Non-binary
Ilse,ilevesleyqj@scribd.com,Genderqueer
Annabelle,aleddieqk@aol.com,Non-binary
Kaitlin,kgorwoodql@skyrock.com,Female
Pavia,pmuccinoqm@so-net.ne.jp,Agender
Iris,ipearcehouseqn@barnesandnoble.com,Polygender
Alejandro,arevensqo@baidu.com,Bigender
Peyter,ppipworthqp@uiuc.edu,Agender
Finn,fprebbleqq@i2i.jp,Agender
Natassia,nvokinsqr@1688.com,Female
Janifer,jwallegeqs@nationalgeographic.com,Non-binary
Julee,jgallegoqt@com.com,Agender
Haily,hhaselhurstqu@chron.com,Polygender
Huntlee,hkairnsqv@alexa.com,Polygender
Joete,jeaglestonqw@topsy.com,Genderfluid
Violante,vbarlassqx@etsy.com,Agender
Warde,wmarquandqy@blogs.com,Non-binary
Billi,bhazeupqz@youku.com,Non-binary
Teddi,tspinker0@businessinsider.com,Male
Fonsie,fsuterr1@uol.com.br,Agender
Karlie,klinayr2@cornell.edu,Genderqueer
Rafaelita,rgorringer3@theglobeandmail.com,Bigender
Nissa,npostiansr4@skype.com,Genderfluid
Edita,estottr5@chicagotribune.com,Genderqueer
Perceval,pcastertonr6@economist.com,Agender
Valentine,vratcliffr7@freewebs.com,Agender
Hurley,hbraker8@amazon.com,Non-binary
Merrili,mgoulbornr9@google.com.au,Polygender
Bronnie,bhawksleera@elpais.com,Genderfluid
Carleton,cgreethamrb@eepurl.com,Genderfluid
Ardenia,amicheurc@bizjournals.com,Female
Fields,fperllmanrd@wufoo.com,Agender
Andie,apennycookre@reverbnation.com,Bigender
Rossy,rvivyanrf@sun.com,Bigender
Kimbra,kjessoperg@github.com,Bigender
Crysta,crozzellrh@bloomberg.com,Polygender
Titos,tcoareri@csmonitor.com,Genderqueer
Pietro,plapennarj@unesco.org,Genderfluid
Lorant,lstyantrk@t-online.de,Female
Raymund,rshortorl@tripod.com,Male
Lorens,lmachansrm@delicious.com,Bigender
Magnum,mglabachrn@cpanel.net,Polygender
Devlin,dgregolottiro@4shared.com,Male
Brandy,bvestrp@dagondesign.com,Agender
Ailene,ashaplinrq@yellowbook.com,Non-binary
Dulce,dgoldsworthyrr@blog.com,Female
